name,street,city,zip
Tempus Mauris Erat Incorporated,"Ap #535-7769 Non, Street",Kursk,71846
A Magna Ltd,458-4304 Nonummy Av.,Pleiku,72542
Iaculis Quis Associates,Ap #638-9493 Sed Rd.,Pietermaritzburg,71487
Sagittis Semper Nam PC,283-5976 Eleifend Rd.,Feldkirchen in Kärnten,47746
Iaculis Industries,"Ap #637-2869 Non, St.",Gansu,15389
Feugiat Metus Corp.,503-4004 Scelerisque Ave,Hoogeveen,89340
Tortor PC,122-2869 Felis. Street,Risør,91384
Eget Ipsum Suspendisse Industries,Ap #595-6285 Morbi Rd.,North-Eastern Islands,74815
Commodo Hendrerit Industries,379-3081 Cras Av.,Carmen,76111
Mus Proin Corporation,377-6054 Euismod Road,Tczew,49322
Elit Pretium Foundation,535-6998 Elit Avenue,Sacramento,88366
Eleifend Nec Foundation,600-3439 Eget Avenue,Heredia,25527
Porttitor Associates,"Ap #426-1223 Ut, Road",Piracicaba,64393
Urna Et Arcu Foundation,Ap #702-261 Fermentum Rd.,Polokwane,63634
Feugiat Lorem Ipsum Corporation,366-5278 Eros St.,Wanaka,65281
Ante Vivamus LLC,380-4142 Duis St.,Belfast,13952
Eget Odio Aliquam Corp.,4178 Etiam Road,Río Ibáñez,58882
Mauris Sagittis Placerat Institute,118-8907 Et Av.,Thủ Dầu Một,53838
Volutpat Corp.,4431 Non Av.,İmamoğlu,11282
Consectetuer Rhoncus Consulting,"P.O. Box 100, 7146 Mauris. St.",Tlaquepaque,87544